aX,aY,aZ,gX,gY,gZ
1.833,0.429,-0.585,-40.283,9.827,16.174
1.826,0.423,-0.603,-26.306,7.690,2.075
1.776,0.334,-0.600,-16.113,5.249,-11.719
1.748,0.174,-0.629,-11.597,6.104,-23.071
1.707,0.033,-0.699,-14.771,10.925,-28.748
1.714,-0.074,-0.753,-25.757,16.113,-29.907
1.688,-0.136,-0.809,-39.429,25.208,-28.748
1.617,-0.171,-0.867,-51.880,32.593,-27.954
1.559,-0.176,-0.896,-59.448,35.217,-25.269
1.512,-0.191,-0.875,-59.875,30.823,-21.362
1.469,-0.213,-0.856,-51.025,22.217,-17.822
1.409,-0.256,-0.837,-34.790,11.108,-15.625
1.333,-0.312,-0.805,-20.630,-1.038,-13.062
1.231,-0.310,-0.766,-16.724,-11.536,-6.714
1.169,-0.291,-0.699,-21.729,-20.752,1.648
1.078,-0.270,-0.631,-25.757,-30.884,9.216
1.014,-0.222,-0.570,-30.273,-40.100,17.639
1.018,-0.159,-0.508,-37.354,-47.668,26.917
1.023,-0.111,-0.424,-41.748,-55.786,32.837
1.019,-0.067,-0.344,-42.725,-61.462,35.461
0.973,0.007,-0.307,-40.283,-65.002,34.668
0.910,0.104,-0.233,-38.574,-69.946,30.029
0.837,0.174,-0.116,-35.278,-78.308,18.738
0.692,0.175,-0.025,-21.667,-89.294,2.625
0.599,0.128,-0.022,-8.118,-96.619,-11.719
0.555,0.046,-0.058,-4.517,-102.661,-21.667
0.464,-0.037,-0.089,-13.794,-107.727,-31.128
0.360,-0.058,-0.025,-37.415,-112.122,-35.095
0.265,-0.108,0.069,-59.326,-117.615,-36.316
0.133,-0.096,0.153,-71.777,-121.582,-32.104
0.039,-0.005,0.269,-88.867,-123.291,-20.752
-0.060,0.112,0.406,-108.032,-123.901,-10.193
-0.046,0.217,0.570,-130.798,-123.169,-3.357
-0.035,0.407,0.826,-160.034,-120.056,1.587
-0.029,0.613,1.095,-186.096,-115.967,1.892
0.125,0.777,1.378,-200.989,-104.126,-6.775
0.332,0.795,1.555,-190.002,-89.539,-26.245
0.474,0.654,1.666,-148.193,-80.505,-55.054
0.561,0.393,1.734,-84.167,-79.346,-86.182
0.529,0.050,1.708,-10.864,-77.087,-114.258
0.422,-0.302,1.543,57.129,-66.284,-130.371
0.255,-0.561,1.237,103.394,-42.664,-126.465
0.192,-0.740,0.839,121.033,-5.188,-103.333
0.216,-0.767,0.430,108.154,37.903,-67.322
0.285,-0.675,0.086,76.843,74.402,-28.564
0.385,-0.516,-0.194,46.082,95.581,3.662
0.537,-0.373,-0.375,20.996,99.487,26.367
0.636,-0.236,-0.452,3.052,88.806,38.452
0.735,-0.107,-0.392,-11.780,71.655,42.847
0.765,-0.018,-0.267,-20.752,53.406,39.307
0.735,0.018,-0.160,-18.982,40.161,30.396
0.716,0.036,-0.100,-10.620,33.447,23.071
0.712,0.061,-0.072,-0.244,31.311,18.433
0.726,0.077,-0.061,10.376,30.945,14.954
0.743,0.089,-0.059,18.005,31.494,10.864
0.758,0.090,-0.048,24.109,30.457,5.798
0.773,0.071,-0.020,30.396,26.367,-0.427
0.774,0.053,0.007,38.940,19.775,-5.981
0.779,0.026,0.044,46.570,13.062,-11.475
0.762,-0.029,0.061,52.795,9.521,-16.113
0.735,-0.078,0.073,55.786,9.277,-19.165
0.708,-0.129,0.076,55.054,10.254,-19.897
0.660,-0.161,0.071,50.659,13.306,-17.639
0.614,-0.162,0.084,40.649,16.113,-12.024
0.566,-0.161,0.121,28.564,18.250,-5.493
0.504,-0.142,0.160,16.174,21.423,0.061
0.494,-0.112,0.191,6.714,25.635,5.676
0.545,-0.092,0.227,3.479,30.823,10.437
0.644,-0.106,0.242,7.080,38.269,13.062
0.717,-0.125,0.185,17.395,48.767,14.343
0.745,-0.126,0.094,27.710,60.547,13.672
0.743,-0.168,-0.017,35.400,67.444,11.230
0.703,-0.209,-0.116,36.926,69.214,10.559
0.634,-0.211,-0.178,27.954,65.430,14.404
0.608,-0.176,-0.166,12.817,57.312,20.935
0.594,-0.125,-0.119,-1.038,48.767,26.978
0.642,-0.081,-0.053,-9.949,43.396,30.945
0.738,-0.073,0.003,-7.935,41.992,31.494
0.828,-0.076,0.017,5.066,44.312,30.151
0.897,-0.132,-0.015,25.574,48.401,26.672
0.913,-0.215,-0.109,44.739,53.284,22.705
0.864,-0.284,-0.226,48.889,57.983,20.996
0.817,-0.314,-0.329,40.649,58.350,24.841
0.783,-0.287,-0.370,24.475,50.964,31.250
0.757,-0.227,-0.332,7.568,37.231,36.499
0.769,-0.174,-0.260,-3.113,22.339,39.490
0.864,-0.135,-0.157,-4.822,9.216,42.236
1.030,-0.155,-0.091,4.395,0.793,45.715
1.121,-0.165,-0.061,17.151,-1.709,46.936
1.119,-0.159,-0.089,26.550,-0.305,45.532
1.129,-0.184,-0.123,31.250,3.784,41.809
1.050,-0.166,-0.160,31.433,4.517,37.354
0.978,-0.134,-0.198,31.128,3.967,34.546
0.918,-0.107,-0.241,30.640,-0.122,31.738
0.939,-0.078,-0.252,25.452,-7.202,29.297
0.998,-0.043,-0.202,18.127,-17.395,28.320
1.122,-0.028,-0.129,14.282,-26.123,27.954
1.191,-0.013,-0.062,15.991,-29.358,26.611
1.215,-0.003,-0.013,18.372,-27.649,23.010
1.169,-0.016,0.002,29.236,-24.170,18.738
1.103,-0.009,-0.029,41.992,-20.264,14.893
1.042,0.002,-0.077,51.086,-17.517,13.062
0.967,0.039,-0.138,54.382,-15.930,13.184
0.954,0.110,-0.185,47.241,-14.343,14.343
1.014,0.144,-0.172,34.363,-14.587,11.902
1.109,0.130,-0.099,21.973,-15.259,7.629
1.187,0.088,-0.054,13.916,-12.939,4.150
1.206,0.040,-0.033,8.057,-7.141,0.977
1.184,0.001,-0.041,5.066,-0.732,-0.793
1.151,-0.013,-0.070,8.301,2.502,-0.671
1.108,-0.004,-0.092,16.052,0.732,0.671
1.057,0.026,-0.112,23.682,-2.258,2.747
1.003,0.062,-0.121,28.137,-4.944,4.395
0.973,0.070,-0.131,32.410,-7.935,4.395
0.955,0.038,-0.142,36.133,-9.705,2.319
0.960,0.001,-0.142,35.950,-10.010,1.160
1.004,-0.035,-0.124,35.217,-10.315,1.892
1.037,-0.061,-0.105,34.180,-10.498,3.906
1.032,-0.099,-0.105,32.715,-9.033,4.150
0.548,0.416,1.945,-84.534,-163.635,-42.358
0.522,0.063,1.944,-3.418,-145.813,-70.435
0.440,-0.319,1.804,45.288,-113.586,-86.731
0.393,-0.589,1.604,52.246,-68.115,-77.820
0.400,-0.673,1.326,34.729,-13.367,-49.133
0.459,-0.634,1.020,16.785,34.424,-16.602
0.520,-0.516,0.729,9.460,68.665,13.794
0.576,-0.396,0.432,11.414,87.891,39.551
0.655,-0.252,0.199,13.611,97.229,57.556
0.731,-0.102,0.022,8.240,99.243,66.162
0.887,-0.008,-0.078,0.000,95.947,66.101
0.947,0.087,-0.147,-7.141,87.585,60.608
0.994,0.187,-0.130,-13.733,72.388,52.490
0.999,0.277,-0.049,-17.395,54.993,42.419
0.987,0.323,0.016,-11.536,41.260,30.823
0.955,0.355,0.084,-1.221,33.691,18.066
0.933,0.317,0.115,12.878,29.358,4.333
0.895,0.222,0.113,30.396,27.771,-8.423
0.881,0.124,0.110,42.603,26.062,-17.212
0.886,0.016,0.117,49.683,24.841,-23.621
0.879,-0.095,0.112,53.101,24.780,-27.283
0.852,-0.162,0.103,49.683,24.780,-26.184
0.828,-0.212,0.111,40.955,24.170,-20.630
0.814,-0.196,0.150,30.273,22.888,-12.085
0.787,-0.134,0.188,20.020,23.071,-4.456
0.757,-0.052,0.217,16.785,24.414,0.122
0.715,0.027,0.227,21.667,25.269,2.747
0.714,0.070,0.223,32.715,25.635,1.770
0.730,0.045,0.207,45.593,27.588,-1.648
0.743,0.010,0.159,54.199,31.860,-4.761
0.776,-0.074,0.106,57.617,36.682,-7.690
0.804,-0.161,0.054,54.077,41.931,-9.460
0.818,-0.209,0.008,43.030,45.959,-7.874
0.815,-0.205,-0.004,30.151,45.837,-3.906
0.774,-0.153,-0.002,17.029,42.603,0.488
0.703,-0.061,0.034,5.920,36.438,4.822
0.635,0.021,0.095,1.038,27.649,6.714
0.596,0.071,0.147,4.822,19.897,5.127
0.648,0.043,0.199,14.771,17.029,2.625
0.698,-0.003,0.209,25.940,21.545,0.305
0.762,-0.120,0.177,34.668,31.677,-2.625
0.816,-0.227,0.108,35.034,45.288,-3.235
0.848,-0.307,-0.008,28.259,57.068,-0.488
0.864,-0.353,-0.117,17.578,60.791,5.981
0.852,-0.275,-0.150,2.686,53.955,16.418
0.835,-0.120,-0.118,-10.193,38.452,25.818
0.791,0.007,-0.036,-14.160,22.217,26.672
0.752,0.089,0.050,-13.916,11.169,20.020
0.762,0.102,0.151,-7.202,5.798,10.742
0.805,0.032,0.219,8.057,5.188,1.587
0.855,-0.091,0.225,28.320,10.315,-3.662
0.909,-0.214,0.169,39.734,21.423,-4.150
0.898,-0.278,0.073,39.673,34.424,-0.244
0.882,-0.284,-0.016,29.785,43.701,6.897
0.832,-0.254,-0.093,16.663,44.617,13.611
0.779,-0.191,-0.142,5.554,38.269,19.104
0.729,-0.080,-0.129,-3.479,24.963,23.132
0.690,-0.000,-0.074,-7.690,10.986,21.729
0.730,0.010,0.026,-4.761,-0.244,15.991
0.858,-0.052,0.119,4.944,-4.089,8.911
0.968,-0.182,0.152,19.104,0.305,4.639
0.987,-0.271,0.102,27.527,9.827,6.042
0.995,-0.271,0.042,22.461,20.935,13.733
0.963,-0.221,-0.016,13.550,28.503,21.362
0.899,-0.156,-0.058,7.080,30.579,25.391
0.802,-0.062,-0.077,3.723,26.794,26.367
0.742,0.004,-0.082,1.343,20.874,25.024
0.720,0.039,-0.038,1.465,13.245,21.973
0.772,0.059,0.020,3.479,8.850,20.630
0.899,0.061,0.051,10.254,9.521,21.545
1.026,0.014,0.055,23.560,11.536,21.362
1.083,-0.029,0.018,35.522,14.404,20.752
1.087,-0.062,-0.049,38.757,18.066,20.752
1.074,-0.052,-0.111,35.889,19.043,20.630
1.032,-0.020,-0.146,30.334,15.503,18.677
0.954,0.016,-0.157,23.437,9.888,14.038
0.873,0.034,-0.139,17.090,3.723,8.240
0.841,0.042,-0.094,13.977,-1.465,4.700
0.893,0.032,-0.040,15.198,-5.310,4.883
1.054,-0.048,0.020,22.339,-5.920,5.676
1.132,-0.122,0.003,28.503,-2.136,5.188
1.158,-0.152,-0.019,23.560,4.333,6.226
1.168,-0.165,-0.048,14.343,10.498,7.019
1.154,-0.172,-0.073,9.094,13.428,6.348
1.106,-0.153,-0.106,10.010,12.024,5.493
1.042,-0.118,-0.126,16.846,7.935,5.554
0.977,-0.080,-0.143,28.931,0.916,7.263
0.958,-0.068,-0.131,43.762,-7.141,10.315
1.006,-0.051,-0.107,54.138,-10.986,14.038
1.110,-0.060,-0.068,63.110,-14.099,17.883
1.223,-0.095,-0.043,72.571,-17.029,21.057
1.288,-0.111,-0.050,73.853,-15.198,24.170
1.325,-0.101,-0.087,65.002,-10.071,26.367
1.324,-0.072,-0.149,50.720,-4.211,27.161
1.303,-0.007,-0.197,35.278,-0.366,27.649
1.275,0.122,-0.203,20.569,0.549,29.968
1.255,0.266,-0.177,11.169,-1.221,31.311
1.263,0.358,-0.139,9.399,-4.028,27.832
1.320,0.393,-0.105,13.245,-4.883,21.301
1.409,0.374,-0.111,21.790,-3.052,11.841
1.445,0.280,-0.158,32.349,-2.258,0.488
1.453,0.174,-0.207,37.720,-2.930,-9.033
1.430,0.069,-0.240,38.025,-5.554,-16.113
1.371,-0.015,-0.258,37.354,-10.559,-20.325
1.310,-0.061,-0.245,34.363,-16.724,-20.020
1.254,-0.057,-0.200,26.367,-20.935,-16.968
1.238,-0.025,-0.156,13.306,-19.836,-13.184
1.245,0.018,-0.110,-0.061,-14.282,-10.193
1.257,0.050,-0.082,-6.348,-9.033,-9.521
1.272,0.066,-0.060,-4.333,-6.042,-10.193
1.280,0.047,-0.065,4.395,-6.409,-12.329
1.276,-0.000,-0.062,14.282,-8.972,-15.442
1.273,-0.039,-0.063,17.517,-9.949,-18.494
1.259,-0.083,-0.051,15.076,-9.033,-21.301
1.195,-0.120,-0.055,13.611,-8.606,-23.254
1.192,-0.140,-0.052,6.226,-5.005,-20.508
1.179,-0.142,-0.078,-1.526,0.366,-14.954
1.193,-0.112,-0.087,-5.798,3.296,-9.583
1.221,-0.069,-0.079,-9.216,4.761,-5.798
-0.436,1.321,2.626,-362.122,-297.058,16.357
0.096,1.148,3.105,-286.072,-248.840,-2.502
0.512,0.694,3.360,-153.503,-217.407,-34.790
0.561,0.083,3.406,-9.949,-199.219,-69.580
0.207,-0.606,3.162,118.164,-166.016,-96.558
-0.080,-1.129,2.396,177.673,-77.637,-89.294
-0.059,-1.266,1.398,146.240,47.485,-43.396
0.116,-1.104,0.464,65.491,155.334,13.855
0.323,-0.775,-0.329,-11.597,215.271,67.688
0.605,-0.373,-0.856,-51.270,219.116,102.051
0.824,-0.016,-1.143,-49.927,177.551,116.455
0.987,0.213,-1.173,-45.532,117.004,110.474
1.058,0.362,-0.934,-57.556,67.810,90.881
1.050,0.421,-0.633,-78.064,38.757,65.002
0.975,0.446,-0.366,-78.247,19.592,39.856
0.933,0.456,-0.144,-54.749,2.686,22.522
0.932,0.448,-0.016,-15.930,-10.254,10.498
0.947,0.397,0.046,18.555,-16.663,-0.793
0.969,0.310,0.075,39.001,-17.456,-13.000
0.951,0.202,0.105,48.218,-14.771,-25.513
0.911,0.074,0.116,54.871,-12.756,-35.645
0.862,-0.048,0.119,59.692,-9.766,-41.443
0.828,-0.129,0.110,60.242,-6.226,-41.565
0.816,-0.155,0.128,53.406,-1.221,-37.048
0.817,-0.145,0.132,41.626,6.409,-30.884
0.819,-0.115,0.135,31.250,13.245,-25.818
0.814,-0.078,0.138,25.085,17.578,-22.217
0.807,-0.036,0.164,22.644,17.883,-20.569
0.818,-0.036,0.197,24.719,16.846,-21.667
0.818,-0.078,0.202,34.546,14.343,-24.292
0.799,-0.122,0.193,45.410,12.573,-23.865
0.805,-0.169,0.182,48.950,13.916,-20.813
0.816,-0.214,0.180,44.006,18.311,-16.785
0.803,-0.211,0.181,32.410,23.865,-10.681
0.774,-0.161,0.180,19.714,27.893,-3.479
0.747,-0.087,0.186,11.536,28.381,3.784
0.702,0.020,0.216,8.057,25.513,9.155
0.637,0.111,0.258,10.803,21.545,7.935
0.643,0.113,0.328,22.827,18.494,1.526
0.669,0.048,0.328,44.678,22.522,-4.517
0.648,-0.038,0.231,64.148,32.471,-7.263
0.672,-0.149,0.136,71.472,43.152,-7.080
0.702,-0.230,0.056,65.125,53.528,-3.784
0.710,-0.234,-0.005,47.546,62.744,1.892
0.671,-0.176,-0.052,27.466,68.298,7.996
0.630,-0.095,-0.089,14.038,65.918,11.597
0.597,-0.038,-0.093,8.850,55.420,11.230
0.699,-0.077,-0.037,14.343,41.199,8.362
0.799,-0.149,-0.001,26.978,32.288,6.042
0.821,-0.223,0.005,34.180,32.227,1.587
0.826,-0.320,0.000,32.532,40.222,-2.502
0.852,-0.407,-0.047,28.381,49.683,-2.625
0.811,-0.435,-0.108,23.621,55.054,2.502
0.789,-0.402,-0.169,14.526,55.969,13.062
0.747,-0.303,-0.207,5.981,50.903,23.926
0.710,-0.197,-0.204,3.418,39.246,30.457
0.692,-0.099,-0.181,5.981,25.452,31.067
0.779,-0.050,-0.131,6.592,16.724,29.297
0.933,-0.070,-0.071,6.226,14.771,24.536
0.991,-0.160,-0.096,8.240,18.738,17.517
1.006,-0.219,-0.125,6.958,23.315,13.916
0.993,-0.245,-0.122,3.052,24.597,13.855
0.928,-0.247,-0.121,2.686,23.560,15.625
0.857,-0.192,-0.107,6.409,20.447,20.813
0.803,-0.137,-0.094,11.963,16.479,26.794
0.788,-0.083,-0.084,13.611,16.541,30.518
0.811,-0.007,-0.084,10.071,19.897,33.081
0.979,0.019,-0.067,4.639,26.367,34.119
1.094,0.038,-0.078,3.296,33.997,33.569
1.138,0.067,-0.115,3.479,39.795,31.128
1.133,0.064,-0.168,8.240,42.664,26.001
1.095,0.039,-0.241,15.869,40.649,18.860
1.013,0.014,-0.287,23.804,32.837,11.780
0.905,-0.017,-0.321,28.625,23.193,7.446
0.808,-0.041,-0.336,28.931,13.306,6.958
0.782,-0.065,-0.314,25.879,4.395,9.216
0.901,-0.048,-0.231,20.325,-0.610,13.794
1.059,-0.004,-0.133,15.076,-1.038,18.555
1.151,-0.018,-0.086,16.479,2.747,16.724
1.159,-0.064,-0.097,18.616,9.705,10.620
1.131,-0.101,-0.133,17.212,16.541,6.836
1.076,-0.117,-0.181,16.907,17.944,7.629
1.018,-0.084,-0.212,19.714,13.062,12.085
0.949,-0.046,-0.242,23.926,6.104,16.479
0.872,-0.011,-0.266,28.748,-0.610,19.043
0.828,0.003,-0.264,29.663,-5.859,20.264
0.840,0.046,-0.236,29.053,-7.568,21.973
0.923,0.095,-0.192,31.982,-7.935,25.085
1.008,0.125,-0.169,41.931,-7.324,26.428
1.080,0.101,-0.179,54.077,-6.348,24.902
1.161,0.054,-0.200,63.965,-6.470,22.095
1.181,0.049,-0.197,65.430,-8.301,19.104
1.200,0.070,-0.208,60.486,-9.338,14.038
1.163,0.089,-0.204,51.514,-10.132,6.287
1.090,0.065,-0.217,42.053,-11.475,-1.221
1.024,0.049,-0.229,31.433,-11.108,-5.188
0.993,0.056,-0.233,22.461,-10.193,-6.836
1.038,0.044,-0.227,16.907,-7.202,-7.385
1.111,0.012,-0.244,14.709,-2.441,-7.324
1.203,-0.049,-0.281,15.991,1.038,-7.507
1.260,-0.075,-0.299,17.212,1.099,-6.042
1.274,-0.081,-0.305,16.907,-1.282,-4.700
1.258,-0.102,-0.312,19.409,-3.174,-4.456
1.221,-0.103,-0.339,23.560,-4.761,-3.113
1.208,-0.094,-0.359,25.635,-7.385,0.000
1.229,-0.073,-0.379,24.536,-8.911,4.028
1.272,-0.033,-0.374,15.747,-8.850,7.812
1.348,0.012,-0.357,5.371,-6.775,8.850
1.414,0.027,-0.344,-1.282,-3.967,5.859
1.442,-0.004,-0.354,-3.479,-2.075,0.610
1.422,-0.039,-0.365,-2.380,-3.113,-3.418
1.407,-0.061,-0.361,1.526,-6.775,-4.639
1.374,-0.047,-0.361,4.333,-9.827,-4.822
1.369,-0.019,-0.344,2.563,-10.864,-4.517
1.380,0.010,-0.306,-1.343,-10.254,-4.639
1.393,0.033,-0.276,-1.526,-10.010,-5.310
1.401,0.039,-0.248,0.549,-9.644,-6.836
1.406,0.018,-0.224,1.831,-8.606,-8.606
1.417,-0.003,-0.196,-1.099,-6.531,-9.277
0.651,1.232,2.297,-263.184,-201.904,-10.864
0.899,0.975,2.784,-145.203,-209.290,-58.655
0.805,0.500,3.055,-0.061,-212.708,-106.384
0.401,-0.139,2.956,122.864,-186.523,-140.686
0.062,-0.756,2.335,187.378,-108.093,-140.564
-0.037,-1.144,1.410,181.030,4.272,-101.196
0.052,-1.168,0.504,122.131,107.117,-36.987
0.287,-0.944,-0.166,54.749,168.091,27.954
0.566,-0.584,-0.693,10.742,186.096,76.782
0.832,-0.221,-0.975,-13.428,164.673,99.182
1.012,0.029,-1.049,-27.283,119.995,98.083
1.092,0.216,-0.926,-45.288,72.571,83.374
1.045,0.349,-0.619,-71.228,33.691,60.181
0.942,0.413,-0.306,-87.402,10.315,33.569
0.880,0.438,-0.041,-82.214,-1.831,13.123
0.856,0.427,0.106,-55.542,-6.592,-1.099
0.904,0.367,0.142,-16.296,-6.531,-11.108
0.942,0.283,0.123,21.179,-3.662,-20.447
0.955,0.188,0.100,45.105,0.488,-30.029
0.935,0.117,0.115,58.533,1.526,-40.161
0.900,0.067,0.167,65.552,-0.183,-48.157
0.865,0.017,0.234,71.838,-1.587,-52.612
0.843,-0.010,0.282,77.393,0.366,-54.321
0.816,-0.023,0.315,84.839,4.700,-55.664
0.814,-0.060,0.300,91.980,13.489,-55.176
0.776,-0.141,0.224,99.182,25.085,-53.894
0.767,-0.206,0.078,103.455,37.537,-50.415
0.791,-0.229,-0.041,94.788,47.180,-41.992
0.815,-0.224,-0.123,79.041,51.758,-32.227
0.829,-0.204,-0.159,60.425,51.819,-25.696
0.853,-0.210,-0.144,43.640,47.852,-22.766
0.855,-0.200,-0.149,34.241,39.795,-21.484
0.862,-0.216,-0.118,26.672,29.663,-21.057
0.854,-0.226,-0.070,18.188,20.203,-20.752
0.837,-0.245,-0.006,11.414,11.353,-20.386
0.812,-0.253,0.049,5.920,6.470,-18.494
0.782,-0.225,0.090,3.906,3.235,-14.343
0.758,-0.197,0.136,4.211,1.526,-9.705
0.702,-0.145,0.165,5.432,3.113,-6.165
0.623,-0.075,0.187,7.629,5.066,-4.761
0.603,-0.036,0.221,11.536,6.653,-5.737
0.632,-0.056,0.244,22.766,9.827,-8.545
0.643,-0.096,0.192,39.307,16.235,-10.681
0.680,-0.174,0.125,51.880,22.949,-11.963
0.744,-0.289,0.065,55.237,31.189,-11.963
0.777,-0.359,-0.018,47.668,41.016,-7.935
0.760,-0.375,-0.087,33.630,45.959,-2.380
0.708,-0.338,-0.104,16.785,44.983,3.723
0.627,-0.263,-0.091,2.380,39.246,10.620
0.551,-0.157,-0.052,-6.165,29.541,16.846
0.504,-0.060,-0.005,-10.498,19.897,20.569
0.581,-0.027,0.081,-10.681,13.977,20.813
0.703,-0.084,0.147,-1.587,14.771,19.104
0.784,-0.143,0.156,14.404,22.095,16.052
0.813,-0.226,0.130,27.771,33.813,12.695
0.842,-0.300,0.059,35.217,47.058,9.705
0.797,-0.344,-0.033,34.424,59.570,9.949
0.773,-0.332,-0.128,23.315,66.467,13.123
0.732,-0.280,-0.183,11.475,64.880,19.470
0.684,-0.215,-0.226,8.118,55.237,25.269
0.715,-0.136,-0.223,5.798,40.955,30.823
0.850,-0.144,-0.160,4.150,27.893,32.898
0.961,-0.175,-0.151,9.766,21.301,31.189
0.985,-0.190,-0.139,17.822,18.127,27.832
0.962,-0.224,-0.151,22.522,16.846,24.292
0.961,-0.276,-0.166,26.184,15.930,23.254
0.876,-0.211,-0.134,22.644,12.268,26.794
0.819,-0.127,-0.098,21.240,9.155,33.020
0.732,-0.044,-0.085,20.142,9.705,37.170
0.714,0.025,-0.066,16.785,13.489,38.757
0.770,0.052,-0.055,14.343,18.555,38.269
0.919,0.024,-0.047,17.273,23.865,35.706
1.055,-0.049,-0.076,25.330,28.503,30.884
1.092,-0.114,-0.149,34.668,30.273,26.184
1.084,-0.145,-0.214,37.354,28.503,24.292
1.040,-0.161,-0.264,35.767,23.437,24.902
0.971,-0.124,-0.277,30.090,15.747,26.428
0.902,-0.036,-0.262,19.653,7.751,29.602
0.837,0.064,-0.207,10.620,2.014,31.250
0.807,0.138,-0.137,5.737,1.038,29.480
0.847,0.188,-0.089,8.667,5.676,27.710
0.964,0.176,-0.093,16.907,13.062,26.611
1.112,0.095,-0.135,27.649,20.142,23.926
1.153,0.032,-0.168,31.433,23.254,18.738
1.143,-0.024,-0.221,26.855,25.574,12.573
1.131,-0.047,-0.271,22.766,26.123,7.812
1.084,-0.038,-0.307,19.470,21.790,4.578
1.032,-0.040,-0.356,20.020,14.282,2.136
0.974,-0.060,-0.402,23.621,4.822,0.122
0.926,-0.083,-0.423,23.499,-3.418,-0.305
0.982,-0.113,-0.408,19.409,-7.080,1.099
1.116,-0.156,-0.376,17.456,-8.118,2.258
1.191,-0.219,-0.361,20.325,-8.789,1.709
1.228,-0.281,-0.359,23.926,-9.949,0.977
1.253,-0.341,-0.371,29.663,-12.817,3.296
1.240,-0.313,-0.343,32.837,-17.822,10.681
1.219,-0.220,-0.318,34.729,-20.935,19.836
1.206,-0.136,-0.302,39.734,-20.752,27.100
1.176,-0.071,-0.340,43.884,-17.151,31.128
1.145,-0.001,-0.376,42.542,-12.024,34.119
1.183,0.051,-0.387,37.354,-7.751,36.133
1.240,0.085,-0.420,35.217,-4.333,36.316
1.316,0.109,-0.440,34.058,-2.441,34.363
1.372,0.117,-0.454,32.898,-3.235,28.748
1.388,0.086,-0.463,33.813,-7.324,20.020
1.353,0.055,-0.446,33.081,-13.428,11.841
1.282,0.036,-0.390,28.503,-19.775,6.348
1.219,0.022,-0.326,25.452,-25.024,4.822
1.199,0.040,-0.266,22.156,-27.466,7.385
1.192,0.089,-0.198,14.587,-25.818,11.047
1.202,0.107,-0.192,9.277,-20.020,13.000
1.236,0.122,-0.209,7.263,-14.526,14.282
1.275,0.145,-0.216,3.296,-11.719,14.893
1.319,0.161,-0.207,-1.770,-9.216,11.902
1.328,0.160,-0.213,-4.578,-7.690,5.859
1.345,0.144,-0.211,-5.371,-7.690,0.366
1.358,0.127,-0.197,-5.249,-8.362,-2.625
1.361,0.135,-0.180,-3.784,-8.850,-3.906
1.381,0.140,-0.192,-0.549,-7.080,-4.456
-0.455,0.889,1.989,-245.117,-202.637,-1.465
-0.062,0.995,1.960,-238.525,-134.644,3.540
0.314,0.855,1.860,-194.336,-99.548,-8.606
0.613,0.486,1.778,-119.080,-97.290,-34.485
0.737,-0.021,1.784,-37.048,-114.197,-65.552
0.607,-0.480,1.834,19.592,-120.728,-93.140
0.283,-0.885,1.771,49.927,-103.210,-104.309
0.098,-1.141,1.414,69.946,-59.570,-85.327
0.130,-1.137,0.880,61.768,0.671,-40.222
0.270,-0.945,0.374,30.701,55.237,8.240
0.445,-0.695,-0.056,-0.916,92.224,47.119
0.571,-0.432,-0.363,-21.545,108.521,72.449
0.688,-0.150,-0.500,-38.879,108.398,85.205
0.838,0.040,-0.574,-50.110,98.145,84.167
0.920,0.186,-0.529,-62.744,83.618,73.914
0.923,0.316,-0.374,-70.984,69.092,55.908
0.942,0.390,-0.213,-60.791,54.993,39.368
0.943,0.435,-0.104,-34.058,40.527,25.208
0.951,0.407,-0.037,1.831,27.893,10.681
0.917,0.316,-0.016,35.095,18.066,-3.784
0.870,0.173,-0.036,61.401,11.353,-15.686
0.827,0.008,-0.098,79.224,8.728,-22.156
0.800,-0.120,-0.190,82.458,10.864,-21.606
0.808,-0.212,-0.284,69.885,15.930,-15.137
0.832,-0.217,-0.348,47.058,20.996,-6.775
0.850,-0.143,-0.343,21.973,22.644,-0.122
0.859,-0.055,-0.294,4.517,20.508,1.709
0.836,0.005,-0.214,-0.671,13.550,-1.587
0.795,0.037,-0.114,3.418,3.723,-7.629
0.748,0.043,-0.006,12.695,-7.141,-15.625
0.758,-0.035,0.096,27.405,-16.235,-23.071
0.746,-0.121,0.133,44.128,-18.433,-26.794
0.760,-0.207,0.140,52.612,-13.733,-25.757
0.771,-0.296,0.105,55.542,-4.761,-21.606
0.751,-0.337,0.071,46.875,4.944,-14.587
0.738,-0.315,0.059,26.123,14.709,-5.737
0.723,-0.243,0.077,4.883,21.057,2.441
0.703,-0.159,0.104,-10.315,23.865,8.789
0.667,-0.052,0.125,-18.127,24.231,12.268
0.662,0.031,0.151,-16.235,22.583,12.207
0.689,0.043,0.168,-1.038,20.325,8.057
0.732,-0.012,0.158,23.376,19.897,2.441
0.768,-0.093,0.122,46.387,23.315,-1.221
0.786,-0.166,0.060,59.875,30.212,-3.174
0.823,-0.249,0.017,56.396,40.588,-2.869
0.845,-0.293,-0.023,42.480,51.941,-0.916
0.816,-0.273,-0.064,25.146,58.777,4.639
0.789,-0.206,-0.103,8.484,60.913,14.587
0.768,-0.097,-0.122,-4.333,58.533,23.682
0.751,0.025,-0.118,-11.353,50.720,27.649
0.791,0.069,-0.096,-8.240,40.833,26.306
0.879,0.053,-0.057,5.615,32.288,20.935
0.912,0.006,-0.040,24.658,28.076,13.428
0.926,-0.052,-0.043,38.940,29.480,5.371
0.915,-0.131,-0.071,44.373,34.058,-2.258
0.863,-0.206,-0.102,43.091,38.635,-7.507
0.799,-0.253,-0.134,36.438,40.710,-9.155
0.732,-0.261,-0.162,27.893,38.513,-6.531
0.692,-0.234,-0.174,16.724,34.607,0.305
0.669,-0.161,-0.162,4.272,29.907,8.911
0.720,-0.098,-0.109,-4.944,25.879,14.343
0.823,-0.097,-0.052,-3.845,24.780,15.198
0.864,-0.109,-0.034,5.859,26.855,11.414
0.872,-0.148,-0.047,19.897,30.090,4.761
0.867,-0.220,-0.092,37.048,32.227,-1.465
0.807,-0.285,-0.151,50.964,31.921,-5.188
0.740,-0.324,-0.220,56.274,28.809,-5.859
0.666,-0.326,-0.247,51.331,23.804,-2.808
0.638,-0.298,-0.244,37.170,20.142,6.226
0.666,-0.228,-0.228,21.301,18.921,18.921
0.768,-0.159,-0.203,8.240,21.179,29.907
0.875,-0.123,-0.184,-0.732,26.245,34.302
0.956,-0.119,-0.170,-5.066,32.837,31.372
0.974,-0.122,-0.204,-2.563,39.612,23.865
0.957,-0.160,-0.259,7.141,41.138,16.113
0.922,-0.165,-0.306,25.391,33.508,12.878
0.878,-0.165,-0.385,42.542,21.057,15.564
0.858,-0.137,-0.386,47.058,9.766,20.264
0.862,-0.094,-0.370,39.307,4.211,25.269
0.900,-0.055,-0.358,24.658,3.967,29.968
0.966,-0.028,-0.362,14.893,5.493,30.701
1.033,-0.051,-0.369,11.475,6.409,27.893
1.105,-0.100,-0.392,12.695,4.700,22.034
1.153,-0.165,-0.408,17.029,0.732,15.137
1.162,-0.185,-0.412,20.569,-4.639,11.475
1.177,-0.154,-0.387,21.179,-9.827,11.719
1.163,-0.080,-0.346,23.071,-14.587,13.916
1.156,-0.027,-0.315,29.236,-17.151,14.404
1.135,-0.012,-0.321,38.818,-16.968,12.207
1.141,-0.037,-0.362,47.424,-14.282,9.705
1.167,-0.101,-0.411,53.101,-11.902,7.629
1.204,-0.147,-0.462,55.969,-12.146,7.385
1.298,-0.196,-0.489,55.908,-15.320,9.216
1.354,-0.209,-0.495,53.589,-20.386,11.719
1.381,-0.198,-0.493,46.143,-25.208,14.282
1.377,-0.143,-0.481,32.166,-27.161,17.029
1.367,-0.082,-0.463,14.587,-25.269,18.494
1.344,-0.009,-0.453,-1.282,-22.034,19.409
1.349,0.081,-0.419,-13.184,-18.616,19.775
1.363,0.166,-0.395,-15.259,-16.785,19.165
1.415,0.213,-0.368,-5.676,-15.503,16.846
1.482,0.233,-0.357,10.559,-15.991,12.268
1.530,0.187,-0.397,29.602,-16.785,5.493
1.550,0.098,-0.446,39.856,-16.907,-2.197
1.533,0.009,-0.498,38.574,-17.517,-7.996
1.526,-0.046,-0.490,26.855,-19.653,-9.705
1.506,-0.027,-0.439,10.559,-23.010,-8.606
1.476,0.011,-0.372,-1.587,-24.658,-8.240
1.452,0.039,-0.328,-7.874,-23.071,-8.484
1.428,0.051,-0.290,-9.460,-19.043,-9.644
1.413,0.054,-0.267,-10.071,-11.841,-10.864
1.411,0.046,-0.260,-8.545,-4.028,-12.451
1.403,0.013,-0.262,-4.333,3.296,-14.771
1.398,-0.019,-0.257,-0.183,9.338,-16.724
1.394,-0.060,-0.265,2.502,15.869,-18.372
1.383,-0.121,-0.307,3.296,22.400,-18.494
1.391,-0.154,-0.349,-0.488,27.588,-15.015
1.403,-0.126,-0.377,-8.789,30.701,-7.874
1.433,-0.064,-0.385,-18.494,32.837,-0.977
1.510,-0.216,-0.920,-51.147,56.641,11.963
1.521,-0.205,-0.958,-46.814,40.100,7.507
1.461,-0.208,-0.959,-39.429,22.461,0.977
1.403,-0.250,-0.931,-32.288,2.197,-5.005
1.325,-0.276,-0.849,-22.888,-18.799,-7.568
1.256,-0.271,-0.745,-16.113,-35.461,-5.554
1.241,-0.295,-0.672,-11.780,-40.344,-3.113
1.218,-0.297,-0.601,-9.155,-35.583,-2.625
1.159,-0.308,-0.553,-7.385,-23.987,-2.136
1.063,-0.302,-0.554,-2.563,-6.287,1.526
0.981,-0.261,-0.609,5.371,13.977,11.658
0.937,-0.188,-0.687,16.235,27.893,24.963
0.915,-0.034,-0.809,27.893,29.724,35.034
0.954,0.181,-0.950,25.024,21.240,34.485
0.958,0.277,-1.000,8.911,5.859,13.123
0.816,0.245,-0.961,-3.662,-12.695,-20.935
0.614,0.169,-0.923,-7.446,-34.058,-49.194
0.432,0.088,-0.852,-2.380,-58.655,-63.721
0.274,-0.011,-0.735,5.493,-89.417,-66.650
0.101,-0.061,-0.523,6.897,-127.258,-58.533
-0.074,-0.062,-0.241,-3.601,-164.856,-43.884
-0.213,-0.075,0.056,-19.043,-193.420,-31.433
-0.370,-0.054,0.270,-45.532,-200.806,-19.348
-0.472,0.031,0.428,-94.543,-193.604,-5.798
-0.465,0.239,0.688,-168.030,-183.228,8.972
-0.288,0.419,1.027,-245.117,-171.387,22.705
-0.100,0.628,1.367,-299.988,-152.893,25.818
0.202,0.702,1.641,-314.453,-136.292,17.761
0.517,0.737,1.942,-287.354,-133.362,5.066
0.769,0.770,2.318,-233.459,-140.320,-10.071
0.845,0.617,2.502,-148.804,-141.174,-37.354
0.659,0.223,2.201,-37.659,-125.854,-75.012
0.371,-0.295,1.666,61.035,-98.877,-97.534
0.199,-0.683,1.044,115.295,-54.626,-88.928
0.127,-0.834,0.465,112.000,-0.061,-55.908
0.214,-0.815,-0.055,70.190,54.749,-14.587
0.376,-0.716,-0.440,19.104,92.468,23.865
0.519,-0.526,-0.653,-25.208,106.934,55.786
0.660,-0.248,-0.716,-61.646,102.966,79.285
0.810,0.034,-0.617,-87.585,86.426,87.219
0.866,0.265,-0.417,-101.074,66.345,79.163
0.906,0.370,-0.171,-97.778,48.096,60.059
0.878,0.444,0.059,-77.881,33.691,38.696
0.841,0.436,0.198,-41.931,26.123,19.287
0.787,0.361,0.190,5.066,24.658,2.991
0.743,0.254,0.133,45.410,26.489,-7.874
0.738,0.180,0.074,66.467,32.166,-13.062
0.734,0.129,0.000,77.942,39.124,-15.137
0.740,0.090,-0.091,84.167,45.532,-15.930
0.769,0.060,-0.164,84.778,48.462,-15.625
0.812,0.024,-0.221,82.581,48.523,-15.808
0.867,0.004,-0.273,75.195,48.340,-16.418
0.899,-0.003,-0.271,60.242,47.791,-18.127
0.912,0.009,-0.232,42.969,48.523,-21.301
0.888,0.031,-0.193,31.311,47.974,-25.818
0.841,0.062,-0.140,27.039,43.762,-30.457
0.772,0.085,-0.089,29.114,36.072,-35.339
0.728,0.083,-0.011,39.246,24.597,-40.344
0.718,0.016,0.044,56.458,14.099,-44.556
0.716,-0.099,0.031,71.899,11.597,-44.922
0.722,-0.194,0.007,80.688,12.329,-40.771
0.716,-0.280,-0.013,79.163,15.686,-34.912
0.692,-0.325,-0.041,68.298,21.484,-26.917
0.637,-0.318,-0.048,49.805,26.733,-16.907
0.562,-0.266,-0.062,28.442,30.029,-5.493
0.491,-0.187,-0.082,8.484,29.053,7.202
0.440,-0.101,-0.081,-8.362,24.170,19.409
0.508,-0.047,-0.007,-19.348,17.822,28.259
0.667,-0.074,0.062,-16.846,16.785,32.104
0.777,-0.127,0.083,-4.700,23.499,30.151
0.865,-0.213,0.045,12.146,33.569,25.513
0.884,-0.314,-0.032,29.541,42.480,20.691
0.850,-0.379,-0.137,40.283,47.974,20.813
0.803,-0.382,-0.241,35.767,49.133,28.259
0.750,-0.308,-0.281,17.639,45.044,39.551
0.714,-0.195,-0.279,-3.357,36.621,46.570
0.652,-0.098,-0.267,-14.832,26.001,47.424
0.656,-0.025,-0.200,-16.602,13.977,45.532
0.755,0.010,-0.106,-10.620,4.883,41.687
0.888,-0.052,-0.034,3.845,3.723,33.569
0.918,-0.130,-0.024,17.822,9.949,23.865
0.915,-0.230,-0.038,24.658,21.606,15.686
0.878,-0.297,-0.095,25.818,34.302,13.245
0.823,-0.316,-0.171,23.499,41.870,17.578
0.773,-0.256,-0.243,18.494,42.847,27.771
0.752,-0.151,-0.287,8.362,38.940,39.307
0.776,-0.004,-0.269,-3.540,33.142,45.654
0.826,0.108,-0.224,-8.728,28.748,45.105
0.929,0.164,-0.169,-3.540,25.635,39.063
1.059,0.119,-0.131,12.939,23.560,30.457
1.097,0.054,-0.175,34.668,22.827,20.081
1.083,-0.033,-0.223,45.593,23.437,10.925
1.026,-0.104,-0.274,45.593,24.170,5.371
0.957,-0.128,-0.323,37.964,22.095,6.287
0.904,-0.078,-0.313,27.405,14.160,12.756
0.848,-0.011,-0.294,19.348,5.615,17.700
0.809,0.054,-0.247,11.475,1.038,19.653
0.822,0.094,-0.179,5.371,1.648,19.348
0.895,0.085,-0.143,5.188,7.507,17.334
0.970,0.035,-0.154,9.888,16.296,14.893
1.057,-0.040,-0.200,17.212,22.827,12.878
1.114,-0.129,-0.265,25.574,25.513,11.780
1.129,-0.145,-0.313,29.968,22.156,13.733
1.107,-0.126,-0.320,31.860,14.282,15.991
1.090,-0.093,-0.331,34.363,7.568,16.846
1.027,-0.052,-0.340,38.696,1.160,16.724
0.961,-0.018,-0.343,40.710,-3.784,16.113
0.906,0.013,-0.359,37.781,-4.272,17.090
0.908,0.046,-0.368,32.532,-1.648,19.714
0.967,0.056,-0.389,28.748,2.869,22.400
1.041,0.048,-0.420,27.893,6.653,23.193
1.126,-0.005,-0.473,29.602,8.057,20.935
1.199,-0.084,-0.516,31.677,4.395,16.907
1.207,-0.148,-0.531,27.893,-3.418,13.855
1.182,-0.161,-0.525,17.578,-13.123,13.672
1.168,-0.130,-0.467,5.737,-23.071,17.395
1.127,-0.033,-0.394,3.235,-35.217,25.513
1.144,0.095,-0.307,11.902,-44.983,37.292
1.231,0.205,-0.230,25.757,-45.898,47.974
1.789,0.456,-0.669,10.132,17.578,26.855
1.856,0.505,-0.751,-10.315,15.381,13.367
1.863,0.549,-0.783,-30.701,7.812,-3.052
1.830,0.558,-0.746,-47.791,0.793,-19.470
1.772,0.528,-0.678,-54.565,-3.967,-33.325
1.730,0.450,-0.638,-46.326,-7.690,-42.786
1.686,0.350,-0.610,-33.447,-7.141,-48.767
1.676,0.203,-0.624,-20.935,-3.601,-52.490
1.620,0.086,-0.630,-15.259,0.244,-54.993
1.580,-0.012,-0.664,-14.343,4.822,-54.565
1.558,-0.120,-0.681,-15.869,8.545,-52.551
1.531,-0.161,-0.674,-22.278,12.085,-48.401
1.527,-0.185,-0.678,-28.931,17.212,-42.603
1.502,-0.164,-0.687,-32.593,20.752,-36.255
1.476,-0.120,-0.673,-32.532,20.203,-29.358
1.496,-0.022,-0.639,-29.236,17.273,-21.362
1.505,0.056,-0.592,-20.203,12.329,-18.127
1.506,0.114,-0.538,-6.958,6.653,-20.386
1.486,0.123,-0.497,7.019,1.526,-25.452
1.463,0.061,-0.485,19.775,-1.892,-31.311
1.414,-0.016,-0.491,23.621,-3.174,-34.546
1.368,-0.100,-0.508,15.625,-0.916,-36.377
1.306,-0.181,-0.510,2.930,3.906,-36.255
1.260,-0.259,-0.520,-5.432,4.578,-31.921
1.207,-0.289,-0.474,-11.414,0.977,-22.461
1.166,-0.268,-0.426,-15.198,-3.235,-8.911
1.146,-0.205,-0.412,-14.954,-4.761,1.953
1.184,-0.146,-0.455,-13.367,-5.920,6.409
1.182,-0.135,-0.476,-14.160,-12.329,2.258
1.134,-0.132,-0.473,-15.747,-23.193,-6.836
1.092,-0.131,-0.453,-20.264,-32.471,-16.479
1.040,-0.147,-0.437,-25.208,-36.316,-26.306
0.959,-0.237,-0.493,-29.419,-36.682,-32.654
0.915,-0.333,-0.552,-33.508,-39.856,-30.334
0.875,-0.364,-0.576,-41.992,-49.683,-19.226
0.854,-0.312,-0.513,-55.054,-59.448,-4.944
0.809,-0.227,-0.425,-62.866,-67.200,6.714
0.725,-0.122,-0.339,-57.495,-71.899,17.029
0.696,-0.055,-0.291,-44.617,-70.679,24.231
0.673,0.027,-0.261,-34.119,-59.265,27.283
0.726,0.091,-0.345,-28.748,-34.363,22.888
0.671,0.104,-0.525,-29.907,0.671,8.789
0.548,0.103,-0.758,-33.875,34.546,-5.493
0.428,0.146,-1.034,-30.945,51.636,-15.625
0.249,0.184,-1.219,-28.442,47.729,-25.574
0.042,0.219,-1.351,-28.931,25.208,-33.325
-0.069,0.172,-1.359,-27.466,-27.039,-32.654
-0.267,0.142,-1.222,-33.997,-107.056,-26.367
-0.543,0.287,-0.672,-74.280,-202.454,-14.893
-0.717,0.525,0.307,-151.245,-277.344,-3.235
-0.761,0.939,1.583,-240.417,-303.711,-0.061
-0.448,1.292,2.835,-307.861,-264.709,-4.578
0.182,1.471,3.600,-308.044,-186.829,-13.733
1.000,1.413,3.933,-213.013,-124.817,-33.447
1.580,1.059,3.923,-44.434,-101.990,-78.735
1.221,0.279,3.620,146.973,-108.215,-156.616
0.278,-0.790,2.685,287.537,-81.238,-212.158
-0.157,-1.648,1.300,314.087,15.381,-185.425
-0.177,-1.846,0.116,221.924,130.310,-93.567
0.031,-1.479,-0.746,101.379,207.764,12.512
0.330,-0.912,-1.314,26.306,223.206,94.666
0.616,-0.367,-1.585,-4.944,184.509,140.930
0.869,-0.001,-1.638,-33.813,126.709,154.602
0.996,0.241,-1.503,-74.646,72.021,144.226
0.974,0.519,-1.017,-127.686,29.602,118.347
0.933,0.644,-0.565,-156.128,4.272,77.698
0.904,0.622,-0.209,-139.648,-13.489,36.621
0.885,0.576,0.053,-105.164,-27.222,8.911
0.882,0.502,0.211,-59.387,-31.067,-9.766
0.863,0.390,0.226,-9.827,-26.611,-25.757
0.837,0.228,0.169,29.297,-18.677,-38.208
0.807,0.087,0.025,58.167,-9.521,-44.922
0.798,-0.019,-0.087,72.449,-3.296,-46.448
0.795,-0.089,-0.169,73.669,-0.549,-45.288
0.782,-0.133,-0.214,65.552,0.122,-43.457
0.779,-0.135,-0.210,50.842,-1.343,-40.649
0.799,-0.149,-0.182,34.912,-4.028,-38.757
0.790,-0.155,-0.128,22.400,-7.019,-37.598
0.782,-0.181,-0.074,15.747,-10.254,-36.804
0.750,-0.190,-0.024,14.221,-13.000,-34.424
0.721,-0.171,0.038,11.719,-13.672,-29.541
0.692,-0.143,0.098,9.155,-11.475,-25.696
0.649,-0.117,0.139,6.897,-6.775,-23.132
0.601,-0.118,0.134,6.287,-0.793,-20.386
0.597,-0.146,0.126,6.653,3.113,-15.747
0.653,-0.190,0.097,10.376,2.991,-10.132
0.660,-0.272,0.036,15.564,-1.038,-3.479
0.706,-0.327,-0.027,15.381,-3.784,7.507
0.733,-0.348,-0.046,8.118,-6.897,19.470
0.722,-0.337,-0.021,-3.784,-9.277,27.893
0.699,-0.299,0.028,-16.357,-8.728,32.410
0.654,-0.227,0.083,-28.198,-6.531,35.583
0.625,-0.117,0.132,-32.410,-5.798,39.307
0.581,0.011,0.197,-29.419,-6.897,41.748
0.516,0.131,0.194,-22.034,-6.714,40.100
0.575,0.135,0.234,-10.986,-6.348,33.936
0.746,0.026,0.245,9.338,-3.235,28.625
0.827,-0.052,0.214,33.752,3.662,23.071
0.812,-0.129,0.155,47.424,13.916,13.550
0.787,-0.247,0.090,47.668,28.137,4.578
0.764,-0.342,0.008,39.124,40.405,1.099
0.705,-0.354,-0.073,27.405,45.471,6.104
0.674,-0.270,-0.114,14.954,40.039,15.991
0.662,-0.158,-0.092,6.042,27.161,25.635
0.688,-0.038,0.002,0.488,12.146,30.273
0.842,-0.026,0.113,5.615,4.395,28.687
0.991,-0.106,0.180,17.273,7.812,21.729
1.002,-0.222,0.173,25.452,19.287,10.803
0.962,-0.315,0.113,22.888,34.973,3.906
0.898,-0.382,0.032,15.747,48.035,4.272
0.807,-0.391,-0.037,11.841,52.246,9.949
0.722,-0.329,-0.082,10.315,48.218,18.677
0.653,-0.238,-0.114,7.507,39.856,28.259
0.622,-0.129,-0.077,4.089,28.381,35.583
0.639,-0.036,-0.004,2.991,19.592,40.710
0.767,0.039,0.077,5.066,18.738,45.349
0.924,0.091,0.133,12.817,25.513,46.204
1.023,0.074,0.095,27.466,36.011,40.894
1.032,0.049,0.003,37.415,45.471,33.447
1.740,0.205,-0.879,31.860,20.813,11.658
1.809,0.189,-0.893,29.419,19.775,3.479
1.872,0.152,-0.900,24.109,14.038,-4.211
1.908,0.142,-0.814,16.541,3.296,-10.498
1.877,0.123,-0.711,5.615,-6.165,-16.907
1.826,0.083,-0.605,-3.967,-11.108,-22.888
1.760,0.051,-0.500,-14.832,-10.986,-26.123
1.710,0.037,-0.407,-27.222,-5.615,-27.405
1.662,0.008,-0.365,-32.166,2.319,-27.832
1.625,-0.003,-0.350,-31.494,11.536,-26.184
1.642,-0.013,-0.377,-30.151,23.499,-23.437
1.656,-0.044,-0.426,-25.940,33.875,-22.461
1.643,-0.097,-0.495,-20.874,41.565,-24.414
1.586,-0.182,-0.575,-14.099,44.983,-26.306
1.535,-0.215,-0.622,-7.080,42.297,-24.292
1.479,-0.227,-0.642,-1.404,36.804,-19.470
1.453,-0.234,-0.661,2.136,32.959,-14.954
1.413,-0.236,-0.671,0.549,29.419,-11.719
1.386,-0.236,-0.661,-6.104,26.855,-9.766
1.352,-0.222,-0.667,-12.085,24.902,-7.690
1.345,-0.172,-0.655,-19.470,23.560,-4.272
1.363,-0.107,-0.643,-26.489,21.790,-1.892
1.325,-0.040,-0.603,-25.696,20.081,-2.380
1.328,-0.016,-0.596,-14.526,11.536,-4.761
1.291,-0.057,-0.589,1.038,0.732,-6.348
1.274,-0.087,-0.583,10.071,-12.939,-5.798
1.220,-0.102,-0.551,7.751,-24.292,-3.845
1.207,-0.137,-0.518,0.000,-31.494,-3.235
1.160,-0.172,-0.498,-10.193,-34.668,-2.930
1.124,-0.223,-0.542,-21.179,-32.898,-2.014
1.074,-0.251,-0.605,-33.386,-28.137,0.793
1.044,-0.221,-0.634,-44.312,-27.100,6.226
1.009,-0.167,-0.600,-47.668,-33.936,13.672
0.963,-0.107,-0.532,-41.016,-45.166,20.325
0.901,-0.048,-0.476,-28.931,-56.458,24.536
0.881,-0.042,-0.508,-17.273,-65.247,24.902
0.850,-0.091,-0.561,-16.296,-70.618,19.531
0.799,-0.111,-0.590,-27.344,-74.219,13.550
0.752,-0.114,-0.571,-41.748,-81.299,11.658
0.676,-0.082,-0.499,-54.260,-88.135,9.583
0.619,-0.023,-0.435,-62.683,-90.698,6.653
0.569,0.007,-0.364,-60.608,-91.797,2.991
0.477,0.026,-0.328,-52.124,-93.018,-0.366
0.406,0.008,-0.316,-45.471,-94.604,-1.221
0.364,-0.007,-0.305,-43.640,-97.900,1.648
0.330,-0.004,-0.264,-48.584,-102.234,5.249
0.278,0.031,-0.207,-59.387,-106.812,7.324
0.227,0.058,-0.161,-71.838,-111.572,5.249
0.173,0.064,-0.091,-83.313,-116.760,0.000
0.131,0.086,-0.002,-96.130,-119.690,-3.906
0.074,0.138,0.077,-112.122,-120.056,-4.944
0.025,0.190,0.167,-125.854,-122.009,-3.723
0.047,0.240,0.228,-137.451,-122.253,1.526
0.025,0.387,0.293,-158.325,-117.004,11.047
0.134,0.473,0.310,-174.988,-110.413,19.714
0.234,0.501,0.321,-187.073,-109.070,20.752
0.317,0.540,0.413,-200.073,-116.211,18.372
0.473,0.557,0.588,-209.229,-133.667,14.648
0.547,0.596,0.863,-208.130,-155.334,6.897
0.578,0.575,1.078,-193.604,-169.617,-6.348
0.544,0.487,1.277,-157.776,-178.589,-23.560
0.458,0.308,1.466,-107.605,-178.955,-38.757
0.382,0.117,1.478,-47.974,-157.349,-45.410
0.328,-0.048,1.370,-0.732,-111.572,-44.678
0.313,-0.173,1.175,16.357,-48.279,-36.804
0.328,-0.238,0.902,10.986,20.569,-22.339
0.401,-0.225,0.599,1.404,75.317,-5.005
0.508,-0.168,0.338,-7.080,107.727,11.108
0.621,-0.059,0.178,-10.986,119.934,25.146
0.675,0.113,0.067,-10.681,116.150,33.447
0.705,0.271,0.070,-7.996,102.539,32.837
0.726,0.383,0.133,3.479,86.609,25.696
0.732,0.435,0.204,23.682,72.815,15.076
0.685,0.432,0.234,47.852,66.589,2.380
0.657,0.371,0.225,66.589,69.397,-8.301
0.635,0.293,0.182,79.346,75.928,-15.015
0.596,0.229,0.101,89.233,81.177,-16.968
0.582,0.198,0.033,91.675,82.642,-15.015
0.557,0.191,0.011,91.064,79.224,-12.695
0.485,0.215,0.015,85.449,74.463,-12.329
0.470,0.249,0.067,78.064,69.336,-13.977
0.503,0.205,0.119,78.003,67.627,-17.883
0.529,0.164,0.138,81.970,71.411,-22.217
0.607,0.098,0.109,82.031,79.407,-23.804
0.637,0.031,0.040,80.078,88.074,-24.109
0.635,0.002,-0.018,70.801,94.299,-23.926
0.616,0.043,-0.053,58.044,95.947,-22.461
0.573,0.094,-0.086,49.316,93.872,-21.057
0.519,0.155,-0.087,43.945,88.867,-22.095
0.422,0.196,-0.080,41.199,84.229,-25.879
0.425,0.215,-0.045,41.931,81.421,-31.616
0.488,0.181,0.002,50.232,82.886,-36.194
0.631,0.061,-0.003,64.758,90.332,-39.490
0.653,-0.069,-0.083,76.904,98.022,-41.321
0.664,-0.185,-0.160,75.439,105.042,-39.856
0.678,-0.257,-0.240,66.040,110.291,-36.987
0.637,-0.323,-0.333,54.993,110.413,-33.813
0.586,-0.375,-0.420,45.044,104.980,-28.687
0.541,-0.372,-0.480,30.273,98.022,-20.081
0.525,-0.317,-0.496,13.611,90.515,-11.414
0.629,-0.261,-0.462,7.629,80.261,-5.798
0.835,-0.240,-0.394,13.489,70.923,-3.235
0.956,-0.293,-0.339,29.785,60.547,-5.981
0.957,-0.362,-0.287,48.218,51.575,-12.695
0.924,-0.483,-0.311,59.143,45.166,-17.029
0.819,-0.487,-0.308,60.242,40.771,-15.320
0.739,-0.497,-0.319,55.054,35.706,-8.545
0.653,-0.449,-0.352,50.659,29.846,0.793
0.637,-0.372,-0.349,43.823,26.123,11.414
0.657,-0.283,-0.334,36.682,24.536,19.409
0.770,-0.239,-0.350,35.461,27.588,24.536
0.915,-0.203,-0.386,37.964,32.349,27.710
1.079,-0.190,-0.417,43.945,33.081,29.907
1.157,-0.149,-0.429,51.086,28.320,30.090
1.157,-0.100,-0.428,53.589,21.240,27.344
1.131,-0.066,-0.427,57.495,12.939,23.315
1.056,-0.008,-0.424,60.608,4.395,20.325
0.996,0.012,-0.451,65.613,-2.808,20.813
0.967,0.023,-0.501,76.660,-10.620,23.010
1.639,-0.179,-0.841,7.507,30.518,-32.715
1.649,-0.200,-0.913,-7.446,29.297,-35.461
1.635,-0.204,-0.892,-20.569,22.705,-38.757
1.644,-0.202,-0.802,-25.269,10.681,-40.405
1.698,-0.259,-0.697,-19.165,0.854,-41.016
1.654,-0.282,-0.619,-15.747,-3.174,-39.673
1.639,-0.325,-0.559,-10.925,-0.732,-37.354
1.599,-0.335,-0.514,-6.104,3.845,-33.813
1.555,-0.356,-0.482,1.587,9.094,-28.442
1.500,-0.371,-0.503,15.320,13.550,-19.409
1.466,-0.353,-0.515,28.015,16.846,-6.531
1.416,-0.334,-0.510,34.424,19.165,5.737
1.383,-0.350,-0.543,33.997,20.874,14.465
1.390,-0.288,-0.618,22.949,25.024,20.508
1.458,-0.240,-0.731,9.766,21.484,19.104
1.464,-0.261,-0.760,-1.526,8.911,9.644
1.425,-0.298,-0.815,-14.465,-7.751,-0.122
1.343,-0.338,-0.793,-33.875,-19.531,-5.920
1.285,-0.408,-0.793,-42.419,-31.921,-8.240
1.150,-0.446,-0.792,-43.091,-41.992,-5.798
1.038,-0.457,-0.778,-39.795,-49.622,0.977
0.944,-0.460,-0.720,-31.921,-57.739,13.550
0.856,-0.427,-0.604,-18.127,-66.162,30.518
0.841,-0.427,-0.479,0.061,-71.472,48.523
0.829,-0.436,-0.414,16.479,-69.092,62.927
0.816,-0.340,-0.448,19.165,-54.626,71.228
0.776,-0.273,-0.556,10.559,-40.588,72.205
0.727,-0.302,-0.952,-1.282,-30.212,68.420
0.816,-0.219,-1.312,-37.720,-29.358,70.129
0.726,0.013,-1.406,-93.262,-55.298,69.641
0.520,0.185,-1.355,-122.375,-97.351,63.293
0.439,0.276,-1.165,-120.972,-137.451,53.162
0.083,0.311,-0.906,-104.797,-164.917,39.307
-1.027,0.275,-0.346,-84.717,-187.073,25.208
-0.972,-0.050,0.193,-74.524,-192.749,21.423
-1.656,-0.339,0.349,-104.980,-172.607,33.020
-2.521,-0.242,0.529,-181.824,-127.441,52.979
-1.571,0.025,0.497,-260.925,-98.145,65.613
-3.874,0.729,1.090,-276.001,-46.570,79.834
0.889,1.027,0.718,-187.317,2.991,-72.449
3.032,2.244,0.400,-343.445,5.737,-159.851
1.573,2.270,1.755,-477.722,-134.521,50.232
.484,2.008,2.687,-326.172,-206.726,58.350
0.403,1.115,3.635,-20.569,-268.372,-12.207
0.720,-0.344,3.506,201.904,-232.544,-79.956
1.056,-0.796,2.375,321.106,-92.163,-73.181
-1.492,-0.621,1.495,335.999,54.749,-40.955
-0.427,-0.995,0.096,244.934,191.650,31.555
-0.137,-0.670,-0.753,179.382,250.610,132.507
0.370,-0.358,-1.207,107.727,235.291,195.618
0.735,0.080,-1.327,66.406,177.429,220.154
0.949,0.416,-1.215,25.574,116.211,210.449
1.041,0.669,-0.878,-14.587,76.050,176.819
1.037,0.820,-0.442,-39.490,45.532,134.399
1.048,0.798,-0.082,-33.875,21.912,89.172
0.997,0.683,0.105,-11.169,7.080,48.340
0.819,0.558,0.085,20.020,1.709,16.357
0.719,0.375,-0.061,53.650,10.864,1.465
0.738,0.217,-0.253,73.242,26.184,7.446
0.802,0.156,-0.364,74.951,36.804,23.621
0.884,0.178,-0.409,61.096,41.260,38.452
0.999,0.215,-0.364,40.344,38.269,46.936
1.134,0.302,-0.297,24.536,29.358,45.959
1.189,0.365,-0.231,16.602,16.357,33.325
1.203,0.383,-0.177,17.578,-0.916,13.672
1.224,0.344,-0.240,26.978,-20.508,-5.798
1.198,0.257,-0.274,27.466,-42.419,-20.508
1.229,0.184,-0.330,13.306,-58.960,-29.175
1.170,0.169,-0.402,-12.024,-68.115,-36.499
0.996,0.175,-0.228,-39.490,-71.533,-42.358
0.932,0.105,-0.036,-46.387,-67.566,-45.654
0.917,0.122,0.122,-54.138,-56.580,-39.185
0.881,0.165,0.222,-61.340,-43.701,-29.358
0.899,0.204,0.264,-60.547,-30.640,-21.423
0.978,0.232,0.258,-52.612,-27.527,-15.015
1.009,0.242,0.201,-38.818,-36.560,-13.672
1.083,0.180,0.108,-20.874,-45.715,-18.921
1.117,0.094,-0.001,-16.296,-51.025,-24.292
1.150,0.096,-0.020,-37.109,-53.955,-26.367
1.145,0.122,0.055,-65.491,-55.115,-29.236
1.063,0.166,0.123,-84.290,-54.443,-33.264
0.986,0.259,0.252,-89.600,-51.392,-36.926
0.997,0.333,0.268,-84.229,-47.791,-38.330
0.666,0.298,0.420,-58.228,-49.194,-34.485
0.641,0.260,0.424,-34.119,-41.870,-39.124
0.740,0.157,0.349,-17.700,-33.203,-37.354
0.763,0.080,0.305,-5.127,-29.480,-32.959
0.778,0.067,0.303,11.169,-28.198,-29.480
0.791,0.041,0.339,6.165,-19.165,-28.870
0.783,-0.024,0.263,-2.197,-3.601,-33.752
0.814,-0.062,0.224,-19.470,9.155,-35.767
0.789,-0.083,0.221,-38.147,13.855,-32.166
0.740,-0.024,0.225,-55.847,9.521,-23.865
0.686,0.016,0.246,-69.885,1.099,-19.531
0.580,0.020,0.326,-72.632,-0.366,-22.461
0.563,0.032,0.330,-78.796,4.272,-17.395
0.643,0.056,0.350,-68.115,16.602,-22.766
0.568,0.174,0.403,-42.236,33.081,-31.311
0.650,-0.022,0.320,4.883,58.167,-27.100
0.755,-0.170,0.108,18.738,85.754,-13.123
0.780,-0.199,0.020,7.202,90.393,-2.075
0.740,-0.072,0.004,-16.113,84.106,8.667
0.716,-0.016,0.012,-36.072,77.881,9.521
0.734,0.057,0.032,-46.265,69.336,3.479
0.805,0.099,0.114,-54.871,52.612,3.052
0.809,0.236,0.181,-51.575,41.382,-6.836
0.743,0.220,0.180,-43.945,34.851,-20.630
0.711,0.109,0.170,-24.109,38.757,-28.748
0.929,-0.009,0.144,-4.639,45.288,-29.602
0.767,0.394,-0.057,-10.376,27.771,-28.503
0.794,0.278,0.052,25.269,22.156,-11.658
0.797,0.118,-0.044,74.768,24.231,-10.742
0.700,0.102,-0.040,96.741,15.625,-4.395
0.566,0.090,-0.019,105.469,10.742,6.287
0.576,0.126,0.051,109.192,15.869,4.028
0.715,0.186,0.102,103.943,23.376,8.728
0.847,0.032,0.139,106.628,33.752,11.230
0.906,0.012,0.148,93.384,41.077,17.090
0.864,0.160,0.156,78.796,48.584,17.029
1.582,0.212,-1.210,58.960,61.890,43.335
1.582,0.205,-1.337,29.419,61.584,31.738
1.602,0.216,-1.458,4.761,62.561,30.151
1.643,0.243,-1.662,-6.226,62.988,34.790
1.751,0.284,-1.791,-0.549,56.458,37.109
1.843,0.323,-1.798,10.437,37.537,30.212
1.825,0.303,-1.661,28.687,6.714,14.526
1.735,0.215,-1.386,44.678,-30.762,-4.822
1.580,0.157,-1.018,44.189,-62.195,-21.301
1.443,0.135,-0.667,33.325,-81.604,-32.532
1.311,0.129,-0.337,23.193,-89.844,-39.429
1.243,0.126,-0.094,15.686,-87.646,-40.039
1.218,0.147,0.082,9.277,-79.834,-36.743
1.228,0.152,0.189,4.028,-66.833,-32.349
1.243,0.142,0.211,0.732,-51.025,-30.579
1.273,0.118,0.120,-0.977,-35.828,-29.297
1.315,0.081,-0.001,-3.174,-19.592,-25.940
1.354,0.051,-0.192,-11.353,-7.202,-22.644
1.371,0.073,-0.397,-21.301,6.287,-17.822
1.486,0.090,-0.600,-26.428,18.127,-13.794
1.527,0.133,-0.779,-31.128,23.560,-11.414
1.541,0.138,-0.871,-39.856,13.489,-15.625
1.568,0.153,-0.880,-44.250,1.343,-23.071
1.572,0.141,-0.843,-42.419,-10.437,-32.349
1.522,0.112,-0.788,-41.016,-24.475,-41.077
1.466,0.061,-0.701,-41.565,-38.452,-49.500
1.391,0.016,-0.587,-46.692,-48.218,-54.504
1.308,-0.022,-0.521,-50.720,-48.889,-56.824
1.250,-0.057,-0.477,-51.392,-42.419,-55.298
1.190,-0.100,-0.445,-50.232,-35.400,-50.659
1.166,-0.135,-0.396,-48.828,-29.846,-42.114
1.175,-0.137,-0.314,-53.589,-25.757,-32.410
1.206,-0.110,-0.269,-59.021,-22.217,-25.574
1.217,-0.063,-0.280,-57.434,-21.362,-19.897
1.177,-0.055,-0.284,-58.655,-30.273,-20.447
1.121,-0.085,-0.274,-58.411,-39.917,-22.644
1.089,-0.098,-0.257,-66.956,-46.814,-23.376
1.060,-0.089,-0.235,-77.515,-47.363,-22.705
0.978,-0.045,-0.203,-75.745,-46.875,-20.996
0.937,-0.092,-0.107,-54.565,-43.457,-19.470
0.942,-0.189,-0.051,-23.193,-35.583,-16.541
0.812,-0.335,-0.022,-3.357,-26.062,-2.869
0.778,-0.406,-0.050,2.441,-20.508,25.940
0.862,-0.249,-0.130,-13.489,-18.066,58.960
0.979,-0.128,-0.259,-32.532,-17.456,73.853
0.991,-0.037,-0.349,-47.913,-24.780,66.711
0.974,-0.031,-0.361,-59.082,-39.307,55.237
0.976,-0.018,-0.348,-67.444,-52.185,47.485
0.926,0.005,-0.316,-74.158,-60.059,41.809
0.881,0.000,-0.230,-79.285,-64.880,36.743
0.824,0.008,-0.157,-79.773,-66.406,36.438
0.754,0.014,-0.035,-76.294,-68.115,40.222
0.773,0.042,0.060,-65.735,-67.322,46.082
0.867,0.095,0.056,-55.786,-63.293,50.232
0.926,0.217,0.030,-52.734,-63.293,45.349
0.930,0.275,0.054,-52.307,-69.336,28.809
0.850,0.267,0.085,-54.810,-74.890,10.010
0.730,0.250,0.094,-61.340,-74.707,-2.319
0.612,0.221,0.096,-70.679,-74.585,-4.822
0.644,0.224,0.182,-77.454,-78.613,0.977
0.653,0.231,0.280,-73.730,-80.078,7.812
0.625,0.179,0.369,-62.134,-71.594,10.254
0.617,0.140,0.412,-50.415,-54.199,14.771
0.696,0.150,0.414,-38.452,-31.616,22.644
0.758,0.174,0.287,-24.658,-6.897,26.245
0.804,0.268,0.146,-18.616,12.146,24.353
0.730,0.375,0.089,-18.616,18.677,14.587
0.527,0.368,0.028,-17.639,16.235,-4.028
0.380,0.338,-0.028,-15.869,11.047,-14.771
0.297,0.317,-0.024,-17.334,-0.488,-12.756
0.233,0.213,-0.075,-12.878,-9.399,-7.446
0.264,0.075,-0.162,-4.211,-16.846,2.563
0.361,-0.046,-0.363,-1.099,-22.888,17.578
0.485,-0.043,-0.614,-16.052,-30.273,31.006
0.660,0.088,-0.729,-57.373,-57.007,37.170
0.866,0.334,-0.353,-115.112,-109.131,31.982
1.013,0.740,0.582,-168.274,-176.086,14.832
1.224,1.065,1.766,-172.729,-236.328,-20.325
0.815,1.038,2.744,-101.990,-289.795,-75.989
0.039,0.397,3.222,18.860,-300.659,-125.427
-0.473,-0.539,2.798,130.127,-204.651,-125.488
-0.338,-1.072,1.678,168.884,-32.471,-60.303
0.101,-0.967,0.622,131.042,103.516,35.645
0.700,-0.490,-0.179,69.214,159.668,109.985
1.172,0.057,-0.686,4.761,160.400,135.010
1.385,0.501,-0.856,-54.688,131.287,114.441
1.368,0.672,-0.680,-90.637,82.458,69.702
1.182,0.609,-0.328,-93.262,27.405,21.179
0.917,0.491,0.048,-74.097,-15.015,-13.916
0.694,0.314,0.283,-39.917,-35.095,-34.241
0.577,0.150,0.361,-4.700,-31.616,-40.100
0.589,0.015,0.324,22.339,-12.268,-34.851
0.687,-0.054,0.249,36.133,10.559,-23.865
0.755,-0.054,0.201,38.330,30.151,-14.160
0.772,-0.019,0.189,35.339,42.847,-6.775
0.792,0.058,0.205,29.602,50.232,-0.305
0.815,0.161,0.259,22.888,53.345,5.371
0.801,0.247,0.281,20.447,55.298,6.531
0.770,0.265,0.255,24.353,57.312,3.662
0.745,0.254,0.201,32.104,60.242,0.122
0.747,0.220,0.149,39.917,62.500,-2.930
0.734,0.177,0.112,47.424,62.927,-6.042
0.744,0.110,0.080,57.800,60.425,-8.362
0.732,0.052,0.031,69.397,58.105,-8.484
0.729,0.024,-0.025,72.998,58.899,-6.653
0.732,0.027,-0.041,64.880,60.181,-4.089
0.749,0.069,-0.029,51.453,58.228,-1.709
0.761,0.127,0.034,38.818,51.636,-0.671
0.821,0.148,0.127,33.325,43.640,-2.441
0.818,0.184,0.185,33.630,35.706,-5.127
0.721,0.221,0.187,36.560,31.982,-9.583
0.655,0.191,0.201,40.039,30.518,-16.357
0.632,0.115,0.199,43.701,32.715,-21.179
0.651,0.029,0.144,48.279,39.246,-19.409
0.636,0.001,0.082,47.974,42.480,-12.085
0.618,0.012,0.053,42.725,39.063,-5.554
0.584,0.018,0.062,35.095,33.569,-3.052
0.557,0.035,0.096,25.696,29.907,-2.197
0.551,0.068,0.145,18.799,28.076,-1.709
1.531,0.066,-1.167,71.716,29.907,8.850
1.515,0.045,-1.204,45.105,29.785,-0.671
1.498,0.037,-1.150,27.954,25.574,-5.127
1.476,0.054,-1.154,25.757,20.142,-1.343
1.502,0.098,-1.188,33.142,13.550,7.812
1.570,0.132,-1.241,37.415,8.362,15.015
1.640,0.197,-1.267,34.424,2.197,14.160
1.719,0.218,-1.203,28.259,-15.320,1.282
1.693,0.194,-0.992,20.935,-42.847,-19.043
1.592,0.117,-0.769,11.414,-65.063,-39.246
1.511,0.052,-0.558,1.404,-74.524,-51.270
1.478,0.020,-0.376,-3.784,-76.416,-52.002
1.472,0.023,-0.286,-4.395,-72.021,-47.424
1.496,0.006,-0.254,-6.470,-62.561,-42.236
1.536,0.019,-0.273,-15.076,-48.035,-37.720
1.574,0.017,-0.338,-24.536,-33.875,-34.851
1.643,0.031,-0.431,-28.015,-27.161,-34.058
1.594,0.006,-0.473,-32.654,-21.973,-34.119
1.627,-0.011,-0.518,-36.865,-23.437,-38.086
1.588,-0.023,-0.536,-33.020,-23.071,-37.903
1.565,-0.009,-0.480,-40.894,-24.597,-40.466
1.512,-0.032,-0.420,-44.189,-28.931,-43.884
1.444,-0.056,-0.380,-38.513,-33.447,-44.312
1.389,-0.094,-0.351,-28.137,-37.231,-43.152
1.325,-0.145,-0.326,-21.118,-37.842,-41.016
1.271,-0.190,-0.337,-24.109,-34.546,-38.391
1.217,-0.240,-0.362,-32.227,-27.710,-35.156
1.208,-0.276,-0.397,-39.124,-20.325,-27.954
1.236,-0.277,-0.421,-44.312,-17.395,-17.822
1.251,-0.251,-0.422,-47.546,-19.348,-9.888
1.267,-0.207,-0.436,-49.255,-26.550,-5.798
1.281,-0.170,-0.437,-49.194,-37.170,-8.301
1.235,-0.136,-0.422,-46.326,-48.889,-14.221
1.108,-0.152,-0.353,-47.852,-62.988,-26.855
1.003,-0.235,-0.307,-49.316,-68.909,-38.635
0.938,-0.296,-0.243,-58.228,-70.801,-42.664
0.908,-0.302,-0.152,-70.496,-70.068,-39.124
0.880,-0.307,-0.084,-78.064,-65.796,-33.752
0.849,-0.345,-0.088,-72.510,-61.768,-22.888
0.826,-0.354,-0.126,-60.547,-58.105,-5.127
0.829,-0.310,-0.213,-49.622,-53.162,15.198
0.815,-0.283,-0.289,-41.687,-52.246,30.090
0.766,-0.242,-0.323,-38.635,-57.922,39.307
0.759,-0.143,-0.347,-39.490,-69.153,45.349
0.799,-0.089,-0.375,-42.786,-83.130,42.419
0.775,-0.070,-0.318,-53.894,-99.304,31.250
0.721,-0.112,-0.256,-72.449,-108.398,18.555
0.700,-0.123,-0.254,-95.276,-100.220,10.498
0.664,-0.104,-0.200,-118.408,-85.205,9.094
0.622,-0.104,-0.150,-129.883,-72.693,11.292
0.557,-0.102,-0.079,-127.319,-64.026,21.301
0.499,-0.059,-0.023,-108.215,-64.026,40.771
0.547,0.007,-0.023,-81.116,-68.054,63.965
0.670,0.138,-0.180,-69.519,-69.336,77.881
0.758,0.252,-0.277,-78.308,-72.510,71.045
0.729,0.295,-0.297,-98.511,-83.679,49.194
0.696,0.282,-0.196,-121.277,-97.107,26.794
0.632,0.276,-0.054,-136.658,-109.924,13.489
0.582,0.270,0.055,-141.846,-117.126,8.118
0.530,0.330,0.151,-144.287,-112.915,6.470
0.541,0.362,0.239,-145.081,-101.624,4.944
0.573,0.387,0.280,-139.832,-82.825,2.625
0.568,0.418,0.231,-130.920,-59.692,-0.610
0.473,0.287,-0.105,-120.850,-41.382,-3.174
0.566,0.173,-0.422,-132.812,-38.086,6.531
0.681,0.267,-0.548,-175.476,-57.373,28.137
0.708,0.480,-0.544,-219.666,-82.703,40.344
0.564,0.708,-0.477,-248.901,-110.168,35.950
0.338,0.944,-0.341,-268.921,-138.184,24.292
0.117,1.254,-0.002,-286.682,-164.734,16.357
0.051,1.554,0.504,-289.734,-186.035,10.132
0.066,1.802,1.088,-261.597,-204.163,1.404
0.256,1.791,1.737,-200.378,-218.018,-14.465
0.386,1.563,2.381,-110.718,-232.239,-42.603
0.208,1.170,3.034,-14.526,-259.460,-74.768
-0.024,0.412,3.416,62.744,-272.522,-91.248
-0.162,-0.267,2.839,98.877,-161.926,-83.679
-0.121,-0.470,1.941,52.856,16.602,-48.340
0.151,-0.355,1.092,-12.329,147.156,0.732
0.485,-0.114,0.410,-44.861,197.937,45.166
0.841,0.276,-0.115,-47.607,186.279,75.867
1.192,0.573,-0.372,-46.814,144.165,74.402
1.276,0.695,-0.436,-48.645,95.825,38.269
1.141,0.589,-0.274,-53.711,50.415,-9.949
0.932,0.396,0.019,-53.284,10.193,-45.349
0.758,0.225,0.324,-38.147,-23.804,-58.777
0.669,0.056,0.559,-14.160,-45.166,-56.152
0.584,-0.080,0.679,3.723,-44.006,-47.546
0.533,-0.146,0.710,8.362,-24.109,-35.095
0.577,-0.095,0.639,7.324,5.005,-18.372
0.621,-0.001,0.532,11.414,26.978,-2.502
0.678,0.076,0.379,20.996,38.696,8.728
0.761,0.140,0.250,24.353,42.664,15.015
0.836,0.176,0.189,17.822,41.382,13.123
0.844,0.183,0.193,5.127,36.011,4.578
0.828,0.197,0.284,-7.324,27.466,-3.967
0.779,0.219,0.418,-15.137,19.226,-9.949
0.729,0.271,0.536,-16.724,16.479,-13.733
0.691,0.329,0.620,-9.521,18.005,-14.099
0.683,0.342,0.656,5.310,22.766,-13.611
0.688,0.309,0.639,24.231,30.273,-12.634
0.693,0.257,0.562,40.894,39.917,-10.681
0.658,0.227,0.469,52.429,49.988,-8.362
0.653,0.231,0.414,58.716,54.688,-4.211
0.644,0.307,0.415,58.044,55.542,-1.343
0.633,0.423,0.458,55.176,56.213,-1.770
0.632,0.471,0.559,56.519,57.129,-5.554
0.585,0.495,0.593,66.406,58.594,-10.986
0.535,0.477,0.646,86.121,57.007,-14.771
0.451,0.468,0.659,112.244,53.162,-14.648
0.434,0.416,0.630,142.273,50.171,-10.437
0.417,0.365,0.567,166.260,52.979,-5.188
0.384,0.352,0.483,175.049,63.171,-0.793
0.371,0.328,0.416,170.593,78.857,1.892
0.371,0.329,0.393,158.508,95.032,0.854
0.378,0.334,0.409,149.170,105.835,0.549
0.377,0.369,0.399,148.743,112.366,1.343
0.384,0.395,0.355,156.555,114.685,3.662
0.447,0.391,0.314,167.175,113.953,6.714
1.388,0.245,-1.147,111.572,43.762,64.148
1.453,0.325,-1.299,94.360,42.664,59.204
1.535,0.354,-1.411,75.439,43.396,52.673
1.597,0.410,-1.528,54.382,43.701,45.471
1.614,0.469,-1.603,38.879,37.598,35.828
1.634,0.499,-1.621,37.720,20.813,24.658
1.646,0.464,-1.580,47.791,-4.150,11.475
1.613,0.419,-1.461,52.856,-27.710,-2.869
1.531,0.367,-1.272,47.180,-46.509,-18.555
1.439,0.309,-1.011,36.499,-62.622,-33.508
1.318,0.232,-0.737,25.513,-75.500,-45.166
1.198,0.148,-0.474,18.494,-83.008,-50.476
1.129,0.077,-0.263,13.611,-85.632,-48.218
1.057,0.031,-0.107,11.841,-81.604,-42.542
1.019,0.004,-0.021,10.010,-71.899,-35.950
0.993,-0.014,-0.001,9.583,-61.707,-31.799
0.986,-0.048,-0.031,12.207,-49.194,-28.320
0.977,-0.092,-0.082,14.282,-37.537,-24.231
0.964,-0.130,-0.161,12.451,-28.259,-17.883
0.985,-0.086,-0.235,7.812,-23.010,-8.362
1.017,-0.052,-0.267,7.751,-24.902,-1.465
1.043,0.015,-0.314,10.864,-32.043,0.671
1.072,0.041,-0.321,12.268,-37.842,-2.930
1.035,0.081,-0.321,8.057,-41.443,-8.423
0.999,0.094,-0.296,3.479,-43.701,-13.489
0.987,0.106,-0.254,0.061,-42.236,-16.174
1.002,0.111,-0.208,-4.883,-37.231,-17.944
1.029,0.124,-0.208,-7.996,-30.701,-19.165
1.098,0.127,-0.227,-10.071,-24.841,-17.761
1.160,0.127,-0.285,-11.597,-20.325,-16.724
1.233,0.148,-0.338,-14.465,-16.663,-16.235
1.282,0.179,-0.413,-15.137,-17.334,-16.785
1.337,0.197,-0.446,-11.963,-21.729,-17.700
1.365,0.219,-0.490,-8.911,-27.954,-19.165
1.435,0.221,-0.519,-8.606,-32.227,-20.874
1.485,0.257,-0.516,-14.465,-34.241,-24.658
1.507,0.271,-0.466,-22.949,-36.072,-32.410
1.492,0.245,-0.416,-26.855,-39.856,-42.114
1.466,0.184,-0.332,-29.053,-42.297,-49.683
1.414,0.109,-0.286,-32.349,-40.710,-53.223
1.406,0.030,-0.268,-36.499,-32.898,-52.551
1.380,-0.021,-0.276,-43.884,-22.339,-48.401
1.376,-0.041,-0.318,-49.866,-11.780,-40.222
1.411,-0.060,-0.386,-52.429,-5.432,-29.663
1.439,-0.083,-0.429,-53.772,-5.371,-21.362
1.453,-0.064,-0.391,-57.312,-9.033,-15.991
1.495,-0.029,-0.364,-61.218,-11.780,-16.052
1.470,-0.006,-0.352,-61.340,-18.127,-23.926
1.402,-0.028,-0.327,-55.908,-31.494,-31.921
1.328,-0.048,-0.255,-50.110,-46.631,-36.987
1.278,-0.093,-0.212,-45.898,-55.298,-40.222
1.228,-0.144,-0.198,-45.471,-54.504,-40.344
1.193,-0.198,-0.225,-51.453,-47.668,-37.292
1.179,-0.214,-0.246,-60.486,-37.231,-30.029
1.125,-0.221,-0.209,-66.589,-29.907,-19.653
1.059,-0.217,-0.162,-61.707,-25.574,-5.188
1.066,-0.155,-0.201,-49.377,-24.048,11.353
1.089,-0.078,-0.285,-33.997,-28.259,22.644
1.095,-0.028,-0.350,-24.109,-41.382,22.034
1.017,-0.014,-0.366,-23.071,-61.584,9.399
0.916,-0.037,-0.295,-29.968,-79.163,-5.249
0.811,-0.071,-0.190,-41.382,-88.989,-17.700
0.735,-0.124,-0.105,-48.889,-90.576,-23.682
0.663,-0.187,-0.073,-52.795,-87.952,-20.630
0.612,-0.243,-0.042,-56.274,-82.397,-10.132
0.562,-0.261,0.027,-59.204,-76.111,5.310
0.550,-0.260,0.085,-57.739,-69.031,24.963
0.553,-0.235,0.066,-53.833,-58.594,44.312
0.598,-0.141,-0.020,-54.321,-47.974,59.631
0.664,-0.045,-0.132,-61.340,-43.518,66.223
0.702,0.034,-0.226,-71.594,-47.791,61.279
0.744,0.084,-0.291,-82.581,-57.739,46.082
0.734,0.067,-0.274,-95.825,-71.716,25.513
0.730,0.023,-0.239,-107.727,-84.351,6.165
0.707,0.014,-0.179,-120.605,-90.149,-5.066
0.625,0.056,-0.099,-131.287,-93.506,-9.583
0.503,0.087,-0.017,-129.944,-94.971,-10.254
0.444,0.100,0.058,-117.310,-96.497,-4.578
0.396,0.140,0.076,-103.149,-91.064,7.263
0.354,0.224,0.063,-100.891,-81.848,20.203
0.357,0.314,0.020,-101.929,-77.209,27.161
0.326,0.385,-0.012,-103.760,-81.177,26.062
0.258,0.460,-0.006,-106.934,-92.651,19.348
0.202,0.511,0.104,-114.380,-106.384,7.202
0.174,0.514,0.279,-121.887,-116.150,-5.432
0.230,0.422,0.456,-121.887,-119.202,-16.724
0.212,0.253,0.482,-105.713,-116.516,-21.729
0.322,0.105,0.380,-85.754,-107.117,-16.663
0.502,0.115,0.253,-75.317,-100.281,-1.282
0.609,0.247,0.191,-72.449,-105.469,12.146
0.807,0.432,0.235,-75.989,-117.310,12.085
0.828,0.583,0.435,-85.510,-132.568,-4.089
0.767,0.691,0.787,-91.980,-149.780,-29.419
0.642,0.656,1.235,-80.811,-169.983,-56.946
0.453,0.489,1.659,-46.692,-181.885,-81.848
0.221,0.209,1.923,-10.193,-171.997,-93.933
0.118,-0.097,1.939,11.658,-129.028,-85.754
0.196,-0.289,1.741,12.085,-57.922,-56.396
0.379,-0.312,1.351,2.136,17.700,-17.700
0.602,-0.212,0.889,-4.150,72.937,18.738
0.836,0.052,0.482,-9.460,96.436,48.889
1.088,0.367,0.247,-21.423,89.417,59.998
1.228,0.600,0.174,-31.311,66.162,43.640
1.194,0.631,0.250,-32.654,35.828,10.010
1.025,0.476,0.396,-20.935,3.845,-24.231
0.842,0.218,0.511,-2.380,-21.973,-46.570
0.707,-0.005,0.588,11.108,-34.668,-53.284
0.658,-0.156,0.657,11.475,-32.776,-48.462
0.628,-0.222,0.695,4.272,-20.142,-37.415
0.624,-0.176,0.701,-4.089,-3.906,-22.156
0.666,-0.085,0.698,-11.108,10.681,-7.019
0.678,0.002,0.644,-13.245,23.621,3.052
0.735,0.068,0.559,-9.705,32.959,10.254
0.804,0.110,0.471,-5.737,36.987,12.817
0.843,0.116,0.369,-4.089,37.537,10.376
0.870,0.097,0.292,-7.507,35.522,4.456
0.872,0.057,0.274,-11.841,30.762,-2.136
0.839,0.029,0.285,-14.282,24.170,-7.385
0.799,0.016,0.312,-13.794,18.188,-10.193
0.286,0.018,0.918,-214.905,-20.691,52.551
-0.050,-0.203,1.344,-318.237,-36.865,27.832
-0.088,-0.012,1.125,54.626,-69.214,-15.076
-0.096,-0.180,0.883,265.442,-46.143,-38.940
-0.108,-0.183,0.991,123.596,-52.307,-21.057
-0.097,-0.038,1.135,-68.115,-39.490,2.686
-0.073,0.030,1.174,-71.289,-29.480,5.127
-0.076,-0.141,1.095,-9.338,-20.752,-11.536
-0.028,-0.052,1.379,-121.033,15.015,-0.183
-0.057,-0.108,1.255,-12.573,11.169,-11.292
-0.111,-0.148,0.932,107.788,10.559,-28.198
-0.124,-0.202,0.799,106.201,12.451,-25.269
-0.094,-0.149,0.806,11.169,18.127,-8.667
-0.086,-0.101,0.867,-36.499,9.277,-1.892
-0.124,-0.256,1.054,2.502,2.930,-8.118
-0.098,-0.648,1.156,-28.870,10.193,-4.944
-0.058,-0.188,1.015,-15.320,10.864,-0.854
-0.105,-0.092,1.014,-8.484,-1.160,5.676
-0.082,-0.129,0.928,26.733,8.850,0.732
-0.089,-0.163,0.917,20.630,8.545,4.639
-0.072,-0.167,0.939,5.005,8.606,6.165
-0.082,-0.170,0.989,-5.005,9.094,8.362
-0.040,-0.145,1.008,-10.620,7.568,5.554
-0.073,-0.121,0.999,2.930,5.737,3.601
-0.081,-0.148,0.959,18.860,5.798,0.366
-0.079,-0.178,0.936,23.987,7.263,0.854
-0.063,-0.186,0.947,12.878,7.751,4.578
-0.046,-0.143,0.955,4.456,6.775,8.545
-0.062,-0.140,0.974,-0.549,6.409,7.996
-0.072,-0.144,0.972,0.244,9.460,5.066
-0.053,-0.161,0.961,5.127,11.475,4.883
-0.055,-0.155,0.947,4.395,12.146,5.127
-0.083,-0.192,0.971,0.916,11.353,3.784
-0.045,-0.188,0.966,-1.648,11.658,5.005
-0.067,-0.186,0.985,-3.967,9.705,7.751
-0.042,-0.157,0.975,-4.272,7.935,8.179
-0.062,-0.185,0.963,-0.671,7.141,7.141
-0.056,-0.130,0.980,-0.793,5.249,8.118
-0.066,-0.164,0.978,2.869,6.714,4.639
-0.056,-0.170,0.942,6.409,9.827,2.380
-0.037,-0.165,0.938,1.160,9.888,3.174
-0.075,-0.167,0.977,-10.193,8.057,3.662
-0.081,-0.160,0.994,-11.353,6.531,4.395
-0.054,-0.165,0.993,-4.333,5.249,3.052
-0.034,-0.174,0.962,5.859,5.554,1.587
-0.038,-0.180,0.951,5.493,4.761,1.587
-0.043,-0.164,0.956,-3.540,2.930,3.357
-0.036,-0.153,0.970,-9.033,2.686,5.493
-0.006,-0.141,0.979,-6.165,4.089,5.798
-0.016,-0.136,0.977,-0.732,5.798,5.615
-0.026,-0.126,0.982,6.042,8.362,4.822
-0.054,-0.216,0.920,13.123,10.071,4.089
-0.047,-0.172,0.969,3.723,7.080,6.287
-0.033,-0.171,0.952,-6.042,5.310,5.493
-0.034,-0.160,0.966,-6.592,6.775,4.395
-0.017,-0.158,0.954,-6.409,7.935,4.639
-0.018,-0.156,0.957,-10.620,7.385,4.761
-0.002,-0.162,0.919,-10.498,9.644,5.310
-0.009,-0.149,0.957,-14.404,15.076,5.432
-0.024,-0.140,0.948,-17.273,17.944,6.348
-0.035,-0.152,0.993,-25.085,15.747,7.935
-0.019,-0.128,1.014,-19.592,14.465,6.775
0.019,-0.146,0.994,-10.132,12.207,7.751
-0.039,-0.163,0.995,-7.751,6.470,8.423
-0.016,-0.144,0.965,-3.906,4.028,4.822
-0.015,-0.136,0.963,-2.502,6.104,3.845
0.030,-0.147,0.954,-4.944,7.385,5.188
-0.022,-0.155,0.978,-11.475,3.357,3.479
-0.008,-0.120,0.993,-9.460,0.793,-1.221
0.017,-0.119,0.968,-2.869,0.427,0.061
0.004,-0.130,0.954,-3.723,-0.122,3.418
-0.064,-0.148,0.983,-13.184,-0.488,5.249
0.057,-0.135,0.970,-15.930,0.977,8.728
0.028,-0.158,0.968,-17.212,1.099,9.583
-0.033,-0.117,0.960,-23.804,2.075,6.531
-0.033,-0.097,0.986,-26.367,4.883,7.690
-0.133,-0.128,1.020,-18.921,5.005,9.460
0.023,-0.115,1.009,-9.521,1.343,8.423
0.009,-0.131,0.957,5.371,-1.221,6.042
-0.001,-0.148,0.939,6.348,-0.916,2.319
-0.011,-0.112,0.975,-6.348,2.319,-0.366
0.011,-0.083,0.979,-11.963,5.554,2.258
0.005,-0.100,0.990,-7.324,3.723,4.211
-0.006,-0.103,0.990,1.343,1.587,2.930
0.005,-0.107,0.976,6.348,1.099,4.700
0.057,-0.111,0.951,8.789,-0.305,7.690
0.009,-0.108,0.939,0.061,-1.099,8.972
0.000,-0.103,0.949,-10.925,-2.625,10.132
0.008,-0.089,0.971,-18.982,0.977,11.230
-0.070,-0.285,0.976,-29.602,2.441,10.010
-0.024,-0.070,0.997,-21.606,0.549,12.634
-0.013,-0.074,1.004,-11.047,-2.075,14.343
-0.001,-0.102,0.960,-6.042,0.854,9.888
0.041,-0.081,0.947,-14.832,5.798,13.428
0.009,-0.089,0.995,-20.752,2.808,11.536
0.005,-0.076,1.005,-8.606,-4.272,10.254
-0.032,-0.101,1.024,2.319,-3.174,8.606
-0.016,-0.129,0.962,12.085,2.441,11.292
0.024,-0.122,0.988,28.381,-7.446,18.127
-0.003,-0.038,1.060,48.340,-16.602,23.193
-0.007,-0.116,0.920,62.012,-4.333,12.329
-0.011,-0.136,0.865,40.283,2.502,1.099
-0.014,-0.120,0.924,-10.376,3.540,3.174
0.006,-0.161,0.984,-42.480,5.066,3.906
0.005,-0.109,1.049,-50.049,3.235,3.174
0.012,-0.100,0.999,-22.827,4.456,2.136
0.007,-0.100,0.977,-6.104,7.141,0.488
0.011,-0.088,0.987,-3.906,6.165,-0.549
0.004,-0.091,0.996,-3.906,10.376,-1.343
-0.005,-0.094,0.995,-2.869,16.052,-1.343
-0.031,-0.096,0.985,0.488,18.066,-1.160
0.010,-0.100,0.969,2.991,16.907,-0.244
0.006,-0.108,0.955,3.052,13.611,1.404
0.050,-0.101,0.950,2.136,7.568,1.526
0.027,-0.097,0.972,1.587,0.854,2.075
0.015,-0.101,0.978,2.747,-3.174,2.197
0.006,-0.098,0.981,1.770,-2.197,3.113
-0.009,-0.079,1.025,1.221,0.183,3.784
-0.097,-0.098,1.026,-2.930,10.559,1.343